,Cultivar,N0,Rotacao_RPM,Tempo_Dias,Taxa_r
0,QPM,10,0,50,0.0
1,QPM,10,0,110,0.00166
2,QPM,10,0,150,0.00175
3,QPM,10,0,190,0.0005
4,QPM,20,0,50,0.0
5,QPM,20,0,110,0.00203
6,QPM,20,0,150,-0.00149
7,QPM,20,0,190,-0.00151
8,QPM,40,0,50,-0.00103
9,QPM,40,0,110,-0.00148
10,QPM,40,0,150,-0.007
11,QPM,40,0,190,-0.00679
12,QPM,10,700,50,0.0
13,QPM,10,700,110,0.00796
14,QPM,10,700,150,0.00462
15,QPM,10,700,190,0.00542
16,QPM,20,700,50,-0.00211
17,QPM,20,700,110,0.00757
18,QPM,20,700,150,0.00686
19,QPM,20,700,190,0.00578
20,QPM,40,700,50,-0.00156
21,QPM,40,700,110,-0.00121
22,QPM,40,700,150,-0.00128
23,QPM,40,700,190,-0.00055
24,QPM,10,600,50,-0.00211
25,QPM,10,600,110,0.01057
26,QPM,10,600,150,0.00941
27,QPM,10,600,190,0.0078
28,QPM,20,600,50,0.0
29,QPM,20,600,110,0.00455
30,QPM,20,600,150,0.00495
31,QPM,20,600,190,0.00551
32,QPM,40,600,50,-0.00051
33,QPM,40,600,110,0.00022
34,QPM,40,600,150,0.00248
35,QPM,40,600,190,0.00247
36,QPM,10,500,50,0.0
37,QPM,10,500,110,0.00999
38,QPM,10,500,150,0.00941
39,QPM,10,500,190,0.00803
40,QPM,20,500,50,0.0
41,QPM,20,500,110,0.00584
42,QPM,20,500,150,0.00611
43,QPM,20,500,190,0.00493
44,QPM,40,500,50,0.0
45,QPM,40,500,110,-0.00071
46,QPM,40,500,150,0.00149
47,QPM,40,500,190,0.00085
48,QPM,10,0,50,-0.00211
49,QPM,10,0,110,0.00369
50,QPM,10,0,150,0.00428
51,QPM,10,0,190,0.00177
52,QPM,20,0,50,0.0
53,QPM,20,0,110,-0.00047
54,QPM,20,0,150,-0.0007
55,QPM,20,0,190,-0.00482
56,QPM,40,0,50,-0.00051
57,QPM,40,0,110,-0.00148
58,QPM,40,0,150,-0.00496
59,QPM,40,0,190,-0.0073
60,QPM,10,700,50,0.0
61,QPM,10,700,110,0.00796
62,QPM,10,700,150,0.00686
63,QPM,10,700,190,0.00628
64,QPM,20,700,50,-0.00103
65,QPM,20,700,110,0.00427
66,QPM,20,700,150,0.0041
67,QPM,20,700,190,0.00403
68,QPM,40,700,50,0.0
69,QPM,40,700,110,0.00203
70,QPM,40,700,150,0.00188
71,QPM,40,700,190,0.00085
72,QPM,10,600,50,-0.00446
73,QPM,10,600,110,0.00584
74,QPM,10,600,150,0.0027
75,QPM,10,600,190,0.00096
76,QPM,20,600,50,0.0
77,QPM,20,600,110,0.00203
78,QPM,20,600,150,0.00175
79,QPM,20,600,190,0.00295
80,QPM,40,600,50,-0.00103
81,QPM,40,600,110,-0.00121
82,QPM,40,600,150,0.00064
83,QPM,40,600,190,-0.00134
84,QPM,10,500,50,0.0
85,QPM,10,500,110,0.01085
86,QPM,10,500,150,0.00816
87,QPM,10,500,190,0.00595
88,QPM,20,500,50,-0.00211
89,QPM,20,500,110,0.00338
90,QPM,20,500,150,0.00392
91,QPM,20,500,190,0.00196
92,QPM,40,500,50,0.0
93,QPM,40,500,110,-0.00047
94,QPM,40,500,150,0.00212
95,QPM,40,500,190,-0.0007
96,QPM,10,0,50,0.0
97,QPM,10,0,110,0.00534
98,QPM,10,0,150,0.0071
99,QPM,10,0,190,0.0073
100,QPM,20,0,50,0.0
101,QPM,20,0,110,0.00338
102,QPM,20,0,150,0.0027
103,QPM,20,0,190,0.00213
104,QPM,40,0,50,-0.00211
105,QPM,40,0,110,0.00044
106,QPM,40,0,150,0.00135
107,QPM,40,0,190,-0.00055
108,QPM,10,700,50,0.0
109,QPM,10,700,110,0.00534
110,QPM,10,700,150,0.0071
111,QPM,10,700,190,0.0073
112,QPM,20,700,50,0.0
113,QPM,20,700,110,0.00338
114,QPM,20,700,150,0.0027
115,QPM,20,700,190,0.00213
116,QPM,40,700,50,-0.00211
117,QPM,40,700,110,0.00044
118,QPM,40,700,150,0.00135
119,QPM,40,700,190,-0.00055
120,QPM,10,600,50,0.0
121,QPM,10,600,110,0.0063
122,QPM,10,600,150,0.00354
123,QPM,10,600,190,0.00279
124,QPM,20,600,50,0.0
125,QPM,20,600,110,0.00127
126,QPM,20,600,150,0.002
127,QPM,20,600,190,0.00177
128,QPM,40,600,50,0.0
129,QPM,40,600,110,0.00022
130,QPM,40,600,150,0.00033
131,QPM,40,600,190,-0.00101
132,QPM,10,500,50,0.0
133,QPM,10,500,110,0.00239
134,QPM,10,500,150,0.00064
135,QPM,10,500,190,-0.00188
136,QPM,20,500,50,0.0
137,QPM,20,500,110,-0.00047
138,QPM,20,500,150,0.00313
139,QPM,20,500,190,0.00295
140,QPM,40,500,50,-0.00103
141,QPM,40,500,110,-0.00096
142,QPM,40,500,150,0.00048
143,QPM,40,500,190,-0.00027
144,Normal,10,0,50,-0.00211
145,Normal,10,0,110,-0.00203
146,Normal,10,0,150,-0.00238
147,Normal,10,0,190,-0.00269
148,Normal,20,0,50,-0.00325
149,Normal,20,0,110,-0.00096
150,Normal,20,0,150,-0.00532
151,Normal,20,0,190,-0.01577
152,Normal,40,0,50,0.0
153,Normal,40,0,110,-0.0063
154,Normal,40,0,150,-0.00994
155,Normal,10,700,50,0.0
156,Normal,10,700,110,0.00369
157,Normal,10,700,150,0.00354
158,Normal,10,700,190,0.00247
159,Normal,20,700,50,0.0
160,Normal,20,700,110,0.00398
161,Normal,20,700,150,0.00313
162,Normal,20,700,190,0.00138
163,Normal,40,700,50,-0.00103
164,Normal,40,700,110,-0.00071
165,Normal,40,700,150,-0.00238
166,Normal,40,700,190,-0.0045
167,Normal,10,600,50,0.0
168,Normal,10,600,110,0.00306
169,Normal,10,600,150,0.00175
170,Normal,10,600,190,0.0005
171,Normal,20,600,50,0.0
172,Normal,20,600,110,0.00482
173,Normal,20,600,150,0.00334
174,Normal,20,600,190,0.00247
175,Normal,40,600,50,0.0
176,Normal,40,600,110,0.0
177,Normal,40,600,150,-0.00128
178,Normal,40,600,190,-0.00315
179,Normal,10,500,50,0.0
180,Normal,10,500,110,0.00427
181,Normal,10,500,150,0.00122
182,Normal,10,500,190,0.0005
183,Normal,20,500,50,0.0
184,Normal,20,500,110,0.00398
185,Normal,20,500,150,0.00224
186,Normal,20,500,190,0.00158
187,Normal,40,500,50,0.0
188,Normal,40,500,110,0.00127
189,Normal,40,500,150,-0.00017
190,Normal,40,500,190,-0.00392
191,Normal,10,0,50,0.0
192,Normal,10,0,110,0.0
193,Normal,10,0,150,0.0
194,Normal,10,0,190,0.0005
195,Normal,20,0,50,-0.00103
196,Normal,20,0,110,0.00239
197,Normal,20,0,150,0.002
198,Normal,20,0,190,0.00026
199,Normal,40,0,50,-0.00156
200,Normal,40,0,110,-0.03354
201,Normal,10,700,50,0.0
202,Normal,10,700,110,0.00757
203,Normal,10,700,150,0.00686
204,Normal,10,700,190,0.00503
205,Normal,20,700,50,0.0
206,Normal,20,700,110,0.00398
207,Normal,20,700,150,0.0027
208,Normal,20,700,190,0.00158
209,Normal,40,700,50,0.0
210,Normal,40,700,110,0.00107
211,Normal,40,700,150,0.0
212,Normal,40,700,190,-0.00169
213,Normal,10,600,50,0.0
214,Normal,10,600,110,0.00482
215,Normal,10,600,150,0.00584
216,Normal,10,600,190,0.00438
217,Normal,20,600,50,0.0
218,Normal,20,600,110,-0.00047
219,Normal,20,600,150,0.00093
220,Normal,20,600,190,-0.00151
221,Normal,40,600,50,0.0
222,Normal,40,600,110,-0.00096
223,Normal,40,600,150,-0.00238
224,Normal,40,600,190,-0.00339
225,Normal,10,500,50,0.0
226,Normal,10,500,110,0.00369
227,Normal,10,500,150,0.00122
228,Normal,10,500,190,-0.00269
229,Normal,20,500,50,0.0
230,Normal,20,500,110,0.00127
231,Normal,20,500,150,-0.00034
232,Normal,20,500,190,-0.00086
233,Normal,40,500,50,-0.00051
234,Normal,40,500,110,-0.00121
235,Normal,40,500,150,-0.00214
236,Normal,40,500,190,-0.00516
237,Normal,10,0,50,0.0
238,Normal,10,0,110,0.00087
239,Normal,10,0,150,-0.00238
240,Normal,10,0,190,-0.00365
241,Normal,20,0,50,-0.00103
242,Normal,20,0,110,0.00044
243,Normal,20,0,150,-0.01535
244,Normal,40,0,50,0.0
245,Normal,40,0,110,-0.00096
246,Normal,40,0,150,-0.00654
247,Normal,40,0,190,-0.0073
248,Normal,10,700,50,0.0
249,Normal,10,700,110,0.00166
250,Normal,10,700,150,0.0027
251,Normal,10,700,190,-0.00055
252,Normal,20,700,50,0.0
253,Normal,20,700,110,0.00239
254,Normal,20,700,150,0.00093
255,Normal,20,700,190,0.0005
256,Normal,40,700,50,0.0
257,Normal,40,700,110,0.0
258,Normal,40,700,150,-0.00034
259,Normal,40,700,190,-0.00151
260,Normal,10,600,50,0.0
261,Normal,10,600,110,0.00427
262,Normal,10,600,150,0.00313
263,Normal,10,600,190,0.00279
264,Normal,20,600,50,0.0
265,Normal,20,600,110,0.0
266,Normal,20,600,150,-0.00341
267,Normal,20,600,190,-0.00227
268,Normal,40,600,50,0.0
269,Normal,40,600,110,-0.00023
270,Normal,40,600,150,-0.0007
271,Normal,40,600,190,-0.00365
272,Normal,10,500,50,0.0
273,Normal,10,500,110,0.00903
274,Normal,10,500,150,0.00754
275,Normal,10,500,190,0.00503
276,Normal,20,500,50,-0.00103
277,Normal,20,500,110,0.00607
278,Normal,20,500,150,0.00445
279,Normal,20,500,190,0.00196
280,Normal,40,500,50,0.0
281,Normal,40,500,110,0.00184
282,Normal,40,500,150,0.00093
283,Normal,40,500,190,-0.00269
