,,4 x 4 x 5 = 80 x 3 rep = 240,,,,,
,,BR2121,,,,,
,,"M(1), A(2), B(3), C(4)",,"0(1),10(2), 20(3), 40(4)",,"0(1), 50(2), 110(3), 150(4), 190(5)",
,,rotação 1,,inseto,,tempo,r
BR2121,,,,,,,
REP 1,M,1,0,1,0,1,0
REP 2,M,1,0,1,0,1,0
REP 3,M,1,0,1,0,1,0
REP 1,M,1,10,2,0,1,0
REP 2,M,1,10,2,0,1,0
REP 3,M,1,10,2,0,1,0
REP 1,M,1,20,3,0,1,0
REP 2,M,1,20,3,0,1,0
REP 3,M,1,20,3,0,1,0
REP 1,M,1,40,4,0,1,0
REP 2,M,1,40,4,0,1,0
REP 3,M,1,40,4,0,1,0
REP 1,M,1,0,1,50,2,#VALUE!
REP 2,M,1,0,1,50,2,#VALUE!
REP 3,M,1,0,1,50,2,#VALUE!
REP 1,M,1,10,2,50,2,"0,00000"
REP 2,M,1,10,2,50,2,"-0,00211"
REP 3,M,1,10,2,50,2,"0,00000"
REP 1,M,1,20,3,50,2,"0,00000"
REP 2,M,1,20,3,50,2,"0,00000"
REP 3,M,1,20,3,50,2,"0,00000"
REP 1,M,1,40,4,50,2,"-0,00103"
REP 2,M,1,40,4,50,2,"-0,00051"
REP 3,M,1,40,4,50,2,"-0,00211"
REP 1,M,1,0,1,110,3,#VALUE!
REP 2,M,1,0,1,110,3,#VALUE!
REP 3,M,1,0,1,110,3,#VALUE!
REP 1,M,1,10,2,110,3,"0,00166"
REP 2,M,1,10,2,110,3,"0,00369"
REP 3,M,1,10,2,110,3,"0,00534"
REP 1,M,1,20,3,110,3,"0,00203"
REP 2,M,1,20,3,110,3,"-0,00047"
REP 3,M,1,20,3,110,3,"0,00338"
REP 1,M,1,40,4,110,3,"-0,00148"
REP 2,M,1,40,4,110,3,"-0,00148"
REP 3,M,1,40,4,110,3,"0,00044"
REP 1,M,1,0,1,150,4,#VALUE!
REP 2,M,1,0,1,150,4,#VALUE!
REP 3,M,1,0,1,150,4,#VALUE!
REP 1,M,1,10,2,150,4,"0,00175"
REP 2,M,1,10,2,150,4,"0,00428"
REP 3,M,1,10,2,150,4,"0,00710"
REP 1,M,1,20,3,150,4,"-0,00149"
REP 2,M,1,20,3,150,4,"-0,00070"
REP 3,M,1,20,3,150,4,"0,00270"
REP 1,M,1,40,4,150,4,"-0,00700"
REP 2,M,1,40,4,150,4,"-0,00496"
REP 3,M,1,40,4,150,4,"0,00135"
REP 1,M,1,0,1,190,5,#VALUE!
REP 2,M,1,0,1,190,5,#VALUE!
REP 3,M,1,0,1,190,5,#VALUE!
REP 1,M,1,10,2,190,5,"0,00050"
REP 2,M,1,10,2,190,5,"0,00177"
REP 3,M,1,10,2,190,5,"0,00730"
REP 1,M,1,20,3,190,5,"-0,00151"
REP 2,M,1,20,3,190,5,"-0,00482"
REP 3,M,1,20,3,190,5,"0,00213"
REP 1,M,1,40,4,190,5,"-0,00679"
REP 2,M,1,40,4,190,5,"-0,00730"
REP 3,M,1,40,4,190,5,"-0,00055"
BR2121,,,,,,,
REP 1,A,2,0,1,0,1,0
REP 2,A,2,0,1,0,1,0
REP 3,A,2,0,1,0,1,0
REP 1,A,2,10,2,0,1,0
REP 2,A,2,10,2,0,1,0
REP 3,A,2,10,2,0,1,0
REP 1,A,2,20,3,0,1,0
REP 2,A,2,20,3,0,1,0
REP 3,A,2,20,3,0,1,0
REP 1,A,2,40,4,0,1,0
REP 2,A,2,40,4,0,1,0
REP 3,A,2,40,4,0,1,0
REP 1,A,2,0,1,50,2,#VALUE!
REP 2,A,2,0,1,50,2,#VALUE!
REP 3,A,2,0,1,50,2,#VALUE!
REP 1,A,2,10,2,50,2,"0,00000"
REP 2,A,2,10,2,50,2,"0,00000"
REP 3,A,2,10,2,50,2,"0,00000"
REP 1,A,2,20,3,50,2,"-0,00211"
REP 2,A,2,20,3,50,2,"-0,00103"
REP 3,A,2,20,3,50,2,"0,00000"
REP 1,A,2,40,4,50,2,"-0,00156"
REP 2,A,2,40,4,50,2,"0,00000"
REP 3,A,2,40,4,50,2,"-0,00211"
REP 1,A,2,0,1,110,3,#VALUE!
REP 2,A,2,0,1,110,3,#VALUE!
REP 3,A,2,0,1,110,3,#VALUE!
REP 1,A,2,10,2,110,3,"0,00796"
REP 2,A,2,10,2,110,3,"0,00796"
REP 3,A,2,10,2,110,3,"0,00534"
REP 1,A,2,20,3,110,3,"0,00757"
REP 2,A,2,20,3,110,3,"0,00427"
REP 3,A,2,20,3,110,3,"0,00338"
REP 1,A,2,40,4,110,3,"-0,00121"
REP 2,A,2,40,4,110,3,"0,00203"
REP 3,A,2,40,4,110,3,"0,00044"
REP 1,A,2,0,1,150,4,#VALUE!
REP 2,A,2,0,1,150,4,#VALUE!
REP 3,A,2,0,1,150,4,#VALUE!
REP 1,A,2,10,2,150,4,"0,00462"
REP 2,A,2,10,2,150,4,"0,00686"
REP 3,A,2,10,2,150,4,"0,00710"
REP 1,A,2,20,3,150,4,"0,00686"
REP 2,A,2,20,3,150,4,"0,00410"
REP 3,A,2,20,3,150,4,"0,00270"
REP 1,A,2,40,4,150,4,"-0,00128"
REP 2,A,2,40,4,150,4,"0,00188"
REP 3,A,2,40,4,150,4,"0,00135"
REP 1,A,2,0,1,190,5,#VALUE!
REP 2,A,2,0,1,190,5,#VALUE!
REP 3,A,2,0,1,190,5,#VALUE!
REP 1,A,2,10,2,190,5,"0,00542"
REP 2,A,2,10,2,190,5,"0,00628"
REP 3,A,2,10,2,190,5,"0,00730"
REP 1,A,2,20,3,190,5,"0,00578"
REP 2,A,2,20,3,190,5,"0,00403"
REP 3,A,2,20,3,190,5,"0,00213"
REP 1,A,2,40,4,190,5,"-0,00055"
REP 2,A,2,40,4,190,5,"0,00085"
REP 3,A,2,40,4,190,5,"-0,00055"
BR2121,,,,,,,
REP 1,B,3,0,1,0,1,0
REP 2,B,3,0,1,0,1,0
REP 3,B,3,0,1,0,1,0
REP 1,B,3,10,2,0,1,0
REP 2,B,3,10,2,0,1,0
REP 3,B,3,10,2,0,1,0
REP 1,B,3,20,3,0,1,0
REP 2,B,3,20,3,0,1,0
REP 3,B,3,20,3,0,1,0
REP 1,B,3,40,4,0,1,0
REP 2,B,3,40,4,0,1,0
REP 3,B,3,40,4,0,1,0
REP 1,B,3,0,1,50,2,#VALUE!
REP 2,B,3,0,1,50,2,#VALUE!
REP 3,B,3,0,1,50,2,#VALUE!
REP 1,B,3,10,2,50,2,"-0,00211"
REP 2,B,3,10,2,50,2,"-0,00446"
REP 3,B,3,10,2,50,2,"0,00000"
REP 1,B,3,20,3,50,2,"0,00000"
REP 2,B,3,20,3,50,2,"0,00000"
REP 3,B,3,20,3,50,2,"0,00000"
REP 1,B,3,40,4,50,2,"-0,00051"
REP 2,B,3,40,4,50,2,"-0,00103"
REP 3,B,3,40,4,50,2,"0,00000"
REP 1,B,3,0,1,110,3,#VALUE!
REP 2,B,3,0,1,110,3,#VALUE!
REP 3,B,3,0,1,110,3,#VALUE!
REP 1,B,3,10,2,110,3,"0,01057"
REP 2,B,3,10,2,110,3,"0,00584"
REP 3,B,3,10,2,110,3,"0,00630"
REP 1,B,3,20,3,110,3,"0,00455"
REP 2,B,3,20,3,110,3,"0,00203"
REP 3,B,3,20,3,110,3,"0,00127"
REP 1,B,3,40,4,110,3,"0,00022"
REP 2,B,3,40,4,110,3,"-0,00121"
REP 3,B,3,40,4,110,3,"0,00022"
REP 1,B,3,0,1,150,4,#VALUE!
REP 2,B,3,0,1,150,4,#VALUE!
REP 3,B,3,0,1,150,4,#VALUE!
REP 1,B,3,10,2,150,4,"0,00941"
REP 2,B,3,10,2,150,4,"0,00270"
REP 3,B,3,10,2,150,4,"0,00354"
REP 1,B,3,20,3,150,4,"0,00495"
REP 2,B,3,20,3,150,4,"0,00175"
REP 3,B,3,20,3,150,4,"0,00200"
REP 1,B,3,40,4,150,4,"0,00248"
REP 2,B,3,40,4,150,4,"0,00064"
REP 3,B,3,40,4,150,4,"0,00048"
REP 1,B,3,0,1,190,5,#VALUE!
REP 2,B,3,0,1,190,5,#VALUE!
REP 3,B,3,0,1,190,5,#VALUE!
REP 1,B,3,10,2,190,5,"0,00780"
REP 2,B,3,10,2,190,5,"0,00096"
REP 3,B,3,10,2,190,5,"0,00279"
REP 1,B,3,20,3,190,5,"0,00551"
REP 2,B,3,20,3,190,5,"0,00295"
REP 3,B,3,20,3,190,5,"0,00177"
REP 1,B,3,40,4,190,5,"0,00247"
REP 2,B,3,40,4,190,5,"-0,00134"
REP 3,B,3,40,4,190,5,"-0,00101"
BR2121,,,,,,,
REP 1,C,4,0,1,0,1,0
REP 2,C,4,0,1,0,1,0
REP 3,C,4,0,1,0,1,0
REP 1,C,4,10,2,0,1,0
REP 2,C,4,10,2,0,1,0
REP 3,C,4,10,2,0,1,0
REP 1,C,4,20,3,0,1,0
REP 2,C,4,20,3,0,1,0
REP 3,C,4,20,3,0,1,0
REP 1,C,4,40,4,0,1,0
REP 2,C,4,40,4,0,1,0
REP 3,C,4,40,4,0,1,0
REP 1,C,4,0,1,50,2,#VALUE!
REP 2,C,4,0,1,50,2,#VALUE!
REP 3,C,4,0,1,50,2,#VALUE!
REP 1,C,4,10,2,50,2,"0,00000"
REP 2,C,4,10,2,50,2,"0,00000"
REP 3,C,4,10,2,50,2,"0,00000"
REP 1,C,4,20,3,50,2,"0,00000"
REP 2,C,4,20,3,50,2,"-0,00211"
REP 3,C,4,20,3,50,2,"0,00000"
REP 1,C,4,40,4,50,2,"0,00000"
REP 2,C,4,40,4,50,2,"0,00000"
REP 3,C,4,40,4,50,2,"-0,00103"
REP 1,C,4,0,1,110,3,#VALUE!
REP 2,C,4,0,1,110,3,#VALUE!
REP 3,C,4,0,1,110,3,#VALUE!
REP 1,C,4,10,2,110,3,"0,00999"
REP 2,C,4,10,2,110,3,"0,01085"
REP 3,C,4,10,2,110,3,"0,00239"
REP 1,C,4,20,3,110,3,"0,00584"
REP 2,C,4,20,3,110,3,"0,00338"
REP 3,C,4,20,3,110,3,"-0,00047"
REP 1,C,4,40,4,110,3,"-0,00071"
REP 2,C,4,40,4,110,3,"-0,00047"
REP 3,C,4,40,4,110,3,"-0,00096"
REP 1,C,4,0,1,150,4,#VALUE!
REP 2,C,4,0,1,150,4,#VALUE!
REP 3,C,4,0,1,150,4,#VALUE!
REP 1,C,4,10,2,150,4,"0,00941"
REP 2,C,4,10,2,150,4,"0,00816"
REP 3,C,4,10,2,150,4,"0,00064"
REP 1,C,4,20,3,150,4,"0,00611"
REP 2,C,4,20,3,150,4,"0,00392"
REP 3,C,4,20,3,150,4,"0,00313"
REP 1,C,4,40,4,150,4,"0,00149"
REP 2,C,4,40,4,150,4,"0,00212"
REP 3,C,4,40,4,150,4,"0,00048"
REP 1,C,4,0,1,190,5,#VALUE!
REP 2,C,4,0,1,190,5,#VALUE!
REP 3,C,4,0,1,190,5,#VALUE!
REP 1,C,4,10,2,190,5,"0,00803"
REP 2,C,4,10,2,190,5,"0,00595"
REP 3,C,4,10,2,190,5,"-0,00188"
REP 1,C,4,20,3,190,5,"0,00493"
REP 2,C,4,20,3,190,5,"0,00196"
REP 3,C,4,20,3,190,5,"0,00295"
REP 1,C,4,40,4,190,5,"0,00085"
REP 2,C,4,40,4,190,5,"-0,00070"
REP 3,C,4,40,4,190,5,"-0,00027"
,,,,,,,
BR3123,,,,,,,
REP 1,M,1,0,1,0,1,0
REP 2,M,1,0,1,0,1,0
REP 3,M,1,0,1,0,1,0
REP 1,M,1,10,2,0,1,0
REP 2,M,1,10,2,0,1,0
REP 3,M,1,10,2,0,1,0
REP 1,M,1,20,3,0,1,0
REP 2,M,1,20,3,0,1,0
REP 3,M,1,20,3,0,1,0
REP 1,M,1,40,4,0,1,0
REP 2,M,1,40,4,0,1,0
REP 3,M,1,40,4,0,1,0
REP 1,M,1,0,1,50,2,#VALUE!
REP 2,M,1,0,1,50,2,#VALUE!
REP 3,M,1,0,1,50,2,#VALUE!
REP 1,M,1,10,2,50,2,"-0,00211"
REP 2,M,1,10,2,50,2,"0,00000"
REP 3,M,1,10,2,50,2,"0,00000"
REP 1,M,1,20,3,50,2,"-0,00325"
REP 2,M,1,20,3,50,2,"-0,00103"
REP 3,M,1,20,3,50,2,"-0,00103"
REP 1,M,1,40,4,50,2,"0,00000"
REP 2,M,1,40,4,50,2,"-0,00156"
REP 3,M,1,40,4,50,2,"0,00000"
REP 1,M,1,0,1,110,3,#VALUE!
REP 2,M,1,0,1,110,3,#VALUE!
REP 3,M,1,0,1,110,3,#VALUE!
REP 1,M,1,10,2,110,3,"-0,00203"
REP 2,M,1,10,2,110,3,"0,00000"
REP 3,M,1,10,2,110,3,"0,00087"
REP 1,M,1,20,3,110,3,"-0,00096"
REP 2,M,1,20,3,110,3,"0,00239"
REP 3,M,1,20,3,110,3,"0,00044"
REP 1,M,1,40,4,110,3,"-0,00630"
REP 2,M,1,40,4,110,3,"-0,03354"
REP 3,M,1,40,4,110,3,"-0,00096"
REP 1,M,1,0,1,150,4,#VALUE!
REP 2,M,1,0,1,150,4,#VALUE!
REP 3,M,1,0,1,150,4,#VALUE!
REP 1,M,1,10,2,150,4,"-0,00238"
REP 2,M,1,10,2,150,4,"0,00000"
REP 3,M,1,10,2,150,4,"-0,00238"
REP 1,M,1,20,3,150,4,"-0,00532"
REP 2,M,1,20,3,150,4,"0,00200"
REP 3,M,1,20,3,150,4,"-0,01535"
REP 1,M,1,40,4,150,4,"-0,00994"
REP 2,M,1,40,4,150,4,#VALUE!
REP 3,M,1,40,4,150,4,"-0,00654"
REP 1,M,1,0,1,190,5,#VALUE!
REP 2,M,1,0,1,190,5,#VALUE!
REP 3,M,1,0,1,190,5,#VALUE!
REP 1,M,1,10,2,190,5,"-0,00269"
REP 2,M,1,10,2,190,5,"0,00050"
REP 3,M,1,10,2,190,5,"-0,00365"
REP 1,M,1,20,3,190,5,"-0,01577"
REP 2,M,1,20,3,190,5,"0,00026"
REP 3,M,1,20,3,190,5,#VALUE!
REP 1,M,1,40,4,190,5,#NUM!
REP 2,M,1,40,4,190,5,#VALUE!
REP 3,M,1,40,4,190,5,"-0,00730"
BR3123,,,,,,,
REP 1,A,2,0,1,0,1,0
REP 2,A,2,0,1,0,1,0
REP 3,A,2,0,1,0,1,0
REP 1,A,2,10,2,0,1,0
REP 2,A,2,10,2,0,1,0
REP 3,A,2,10,2,0,1,0
REP 1,A,2,20,3,0,1,0
REP 2,A,2,20,3,0,1,0
REP 3,A,2,20,3,0,1,0
REP 1,A,2,40,4,0,1,0
REP 2,A,2,40,4,0,1,0
REP 3,A,2,40,4,0,1,0
REP 1,A,2,0,1,50,2,#VALUE!
REP 2,A,2,0,1,50,2,#VALUE!
REP 3,A,2,0,1,50,2,#VALUE!
REP 1,A,2,10,2,50,2,"0,00000"
REP 2,A,2,10,2,50,2,"0,00000"
REP 3,A,2,10,2,50,2,"0,00000"
REP 1,A,2,20,3,50,2,"0,00000"
REP 2,A,2,20,3,50,2,"0,00000"
REP 3,A,2,20,3,50,2,"0,00000"
REP 1,A,2,40,4,50,2,"-0,00103"
REP 2,A,2,40,4,50,2,"0,00000"
REP 3,A,2,40,4,50,2,"0,00000"
REP 1,A,2,0,1,110,3,#VALUE!
REP 2,A,2,0,1,110,3,#VALUE!
REP 3,A,2,0,1,110,3,#VALUE!
REP 1,A,2,10,2,110,3,"0,00369"
REP 2,A,2,10,2,110,3,"0,00757"
REP 3,A,2,10,2,110,3,"0,00166"
REP 1,A,2,20,3,110,3,"0,00398"
REP 2,A,2,20,3,110,3,"0,00398"
REP 3,A,2,20,3,110,3,"0,00239"
REP 1,A,2,40,4,110,3,"-0,00071"
REP 2,A,2,40,4,110,3,"0,00107"
REP 3,A,2,40,4,110,3,"0,00000"
REP 1,A,2,0,1,150,4,#VALUE!
REP 2,A,2,0,1,150,4,#VALUE!
REP 3,A,2,0,1,150,4,#VALUE!
REP 1,A,2,10,2,150,4,"0,00354"
REP 2,A,2,10,2,150,4,"0,00686"
REP 3,A,2,10,2,150,4,"0,00270"
REP 1,A,2,20,3,150,4,"0,00313"
REP 2,A,2,20,3,150,4,"0,00270"
REP 3,A,2,20,3,150,4,"0,00093"
REP 1,A,2,40,4,150,4,"-0,00238"
REP 2,A,2,40,4,150,4,"0,00000"
REP 3,A,2,40,4,150,4,"-0,00034"
REP 1,A,2,0,1,190,5,#VALUE!
REP 2,A,2,0,1,190,5,#VALUE!
REP 3,A,2,0,1,190,5,#VALUE!
REP 1,A,2,10,2,190,5,"0,00247"
REP 2,A,2,10,2,190,5,"0,00503"
REP 3,A,2,10,2,190,5,"-0,00055"
REP 1,A,2,20,3,190,5,"0,00138"
REP 2,A,2,20,3,190,5,"0,00158"
REP 3,A,2,20,3,190,5,"0,00050"
REP 1,A,2,40,4,190,5,"-0,00450"
REP 2,A,2,40,4,190,5,"-0,00169"
REP 3,A,2,40,4,190,5,"-0,00151"
BR3123,,,,,,,
REP 1,B,3,0,1,0,1,0
REP 2,B,3,0,1,0,1,0
REP 3,B,3,0,1,0,1,0
REP 1,B,3,10,2,0,1,0
REP 2,B,3,10,2,0,1,0
REP 3,B,3,10,2,0,1,0
REP 1,B,3,20,3,0,1,0
REP 2,B,3,20,3,0,1,0
REP 3,B,3,20,3,0,1,0
REP 1,B,3,40,4,0,1,0
REP 2,B,3,40,4,0,1,0
REP 3,B,3,40,4,0,1,0
REP 1,B,3,0,1,50,2,#VALUE!
REP 2,B,3,0,1,50,2,#VALUE!
REP 3,B,3,0,1,50,2,#VALUE!
REP 1,B,3,10,2,50,2,"0,00000"
REP 2,B,3,10,2,50,2,"0,00000"
REP 3,B,3,10,2,50,2,"0,00000"
REP 1,B,3,20,3,50,2,"0,00000"
REP 2,B,3,20,3,50,2,"0,00000"
REP 3,B,3,20,3,50,2,"0,00000"
REP 1,B,3,40,4,50,2,"0,00000"
REP 2,B,3,40,4,50,2,"0,00000"
REP 3,B,3,40,4,50,2,"0,00000"
REP 1,B,3,0,1,110,3,#VALUE!
REP 2,B,3,0,1,110,3,#VALUE!
REP 3,B,3,0,1,110,3,#VALUE!
REP 1,B,3,10,2,110,3,"0,00306"
REP 2,B,3,10,2,110,3,"0,00482"
REP 3,B,3,10,2,110,3,"0,00427"
REP 1,B,3,20,3,110,3,"0,00482"
REP 2,B,3,20,3,110,3,"-0,00047"
REP 3,B,3,20,3,110,3,"0,00000"
REP 1,B,3,40,4,110,3,"0,00000"
REP 2,B,3,40,4,110,3,"-0,00096"
REP 3,B,3,40,4,110,3,"-0,00023"
REP 1,B,3,0,1,150,4,#VALUE!
REP 2,B,3,0,1,150,4,#VALUE!
REP 3,B,3,0,1,150,4,#VALUE!
REP 1,B,3,10,2,150,4,"0,00175"
REP 2,B,3,10,2,150,4,"0,00584"
REP 3,B,3,10,2,150,4,"0,00313"
REP 1,B,3,20,3,150,4,"0,00334"
REP 2,B,3,20,3,150,4,"0,00093"
REP 3,B,3,20,3,150,4,"-0,00341"
REP 1,B,3,40,4,150,4,"-0,00128"
REP 2,B,3,40,4,150,4,"-0,00238"
REP 3,B,3,40,4,150,4,"-0,00070"
REP 1,B,3,0,1,190,5,#VALUE!
REP 2,B,3,0,1,190,5,#VALUE!
REP 3,B,3,0,1,190,5,#VALUE!
REP 1,B,3,10,2,190,5,"0,00050"
REP 2,B,3,10,2,190,5,"0,00438"
REP 3,B,3,10,2,190,5,"0,00279"
REP 1,B,3,20,3,190,5,"0,00247"
REP 2,B,3,20,3,190,5,"-0,00151"
REP 3,B,3,20,3,190,5,"-0,00227"
REP 1,B,3,40,4,190,5,"-0,00315"
REP 2,B,3,40,4,190,5,"-0,00339"
REP 3,B,3,40,4,190,5,"-0,00365"
BR3123,,,,,,,
REP 1,C,4,0,1,0,1,0
REP 2,C,4,0,1,0,1,0
REP 3,C,4,0,1,0,1,0
REP 1,C,4,10,2,0,1,0
REP 2,C,4,10,2,0,1,0
REP 3,C,4,10,2,0,1,0
REP 1,C,4,20,3,0,1,0
REP 2,C,4,20,3,0,1,0
REP 3,C,4,20,3,0,1,0
REP 1,C,4,40,4,0,1,0
REP 2,C,4,40,4,0,1,0
REP 3,C,4,40,4,0,1,0
REP 1,C,4,0,1,50,2,#VALUE!
REP 2,C,4,0,1,50,2,#VALUE!
REP 3,C,4,0,1,50,2,#VALUE!
REP 1,C,4,10,2,50,2,"0,00000"
REP 2,C,4,10,2,50,2,"0,00000"
REP 3,C,4,10,2,50,2,"0,00000"
REP 1,C,4,20,3,50,2,"0,00000"
REP 2,C,4,20,3,50,2,"0,00000"
REP 3,C,4,20,3,50,2,"-0,00103"
REP 1,C,4,40,4,50,2,"0,00000"
REP 2,C,4,40,4,50,2,"-0,00051"
REP 3,C,4,40,4,50,2,"0,00000"
REP 1,C,4,0,1,110,3,#VALUE!
REP 2,C,4,0,1,110,3,#VALUE!
REP 3,C,4,0,1,110,3,#VALUE!
REP 1,C,4,10,2,110,3,"0,00757"
REP 2,C,4,10,2,110,3,"0,00369"
REP 3,C,4,10,2,110,3,"0,00903"
REP 1,C,4,20,3,110,3,"0,00398"
REP 2,C,4,20,3,110,3,"0,00127"
REP 3,C,4,20,3,110,3,"0,00607"
REP 1,C,4,40,4,110,3,"0,00127"
REP 2,C,4,40,4,110,3,"-0,00121"
REP 3,C,4,40,4,110,3,"0,00184"
REP 1,C,4,0,1,150,4,#VALUE!
REP 2,C,4,0,1,150,4,#VALUE!
REP 3,C,4,0,1,150,4,#VALUE!
REP 1,C,4,10,2,150,4,"0,00122"
REP 2,C,4,10,2,150,4,"0,00122"
REP 3,C,4,10,2,150,4,"0,00754"
REP 1,C,4,20,3,150,4,"0,00224"
REP 2,C,4,20,3,150,4,"-0,00034"
REP 3,C,4,20,3,150,4,"0,00445"
REP 1,C,4,40,4,150,4,"-0,00017"
REP 2,C,4,40,4,150,4,"-0,00214"
REP 3,C,4,40,4,150,4,"0,00093"
REP 1,C,4,0,1,190,5,#VALUE!
REP 2,C,4,0,1,190,5,#VALUE!
REP 3,C,4,0,1,190,5,#VALUE!
REP 1,C,4,10,2,190,5,"0,00050"
REP 2,C,4,10,2,190,5,"-0,00269"
REP 3,C,4,10,2,190,5,"0,00503"
REP 1,C,4,20,3,190,5,"0,00158"
REP 2,C,4,20,3,190,5,"-0,00086"
REP 3,C,4,20,3,190,5,"0,00196"
REP 1,C,4,40,4,190,5,"-0,00392"
REP 2,C,4,40,4,190,5,"-0,00516"
REP 3,C,4,40,4,190,5,"-0,00269"